<?xml version="1.0" encoding="UTF-8"?>
<questestinterop xmlns="http://www.imsglobal.org/xsd/ims_qtiasiv1p2" xmlns:xsi="http://www.w3.org/2001/XMLSchema-instance" xsi:schemaLocation="http://www.imsglobal.org/xsd/ims_qtiasiv1p2 http://www.imsglobal.org/xsd/ims_qtiasiv1p2p1.xsd">
  <assessment ident="text2qti_assessment_293ba54ff0a9471c4c5b29313a4b29c10850ed30fc04741a0b591c3e68bb469b" title="Quiz 7 extra questions">
    <qtimetadata>
      <qtimetadatafield>
        <fieldlabel>cc_maxattempts</fieldlabel>
        <fieldentry>1</fieldentry>
      </qtimetadatafield>
    </qtimetadata>
    <section ident="root_section">
      <item ident="text2qti_question_a928af75a4cd1e6fae2dca5a98c69d37ac29fc9c510b68259863e23a7a1952ac" title="P-Values in Hypothesis Testing">
        <itemmetadata>
          <qtimetadata>
            <qtimetadatafield>
              <fieldlabel>question_type</fieldlabel>
              <fieldentry>multiple_choice_question</fieldentry>
            </qtimetadatafield>
            <qtimetadatafield>
              <fieldlabel>points_possible</fieldlabel>
              <fieldentry>1</fieldentry>
            </qtimetadatafield>
            <qtimetadatafield>
              <fieldlabel>original_answer_ids</fieldlabel>
              <fieldentry>text2qti_choice_a410f2af979d31fde7b60f5367422cf7123ae3ca41047283896ba0c256fed190,text2qti_choice_a7c4b5bbf74db43494322ae79ec91f366f3ee6f791950faf94c35f34fe4929b4,text2qti_choice_0e6916240f2c6a1aa00f3050fd4d315c778684f9a0bf309ec9a284a712492a9e,text2qti_choice_84fac54ff5f4409f8031b70ad001e3b4c0aee036a265e4e5deabd87be3ffa154</fieldentry>
            </qtimetadatafield>
            <qtimetadatafield>
              <fieldlabel>assessment_question_identifierref</fieldlabel>
              <fieldentry>text2qti_question_ref_a928af75a4cd1e6fae2dca5a98c69d37ac29fc9c510b68259863e23a7a1952ac</fieldentry>
            </qtimetadatafield>
          </qtimetadata>
        </itemmetadata>
        <presentation>
          <material>
            <mattext texttype="text/html">&lt;p&gt;A p-value of 0.05 in a scientific study typically means:&lt;/p&gt;</mattext>
          </material>
          <response_lid ident="response1" rcardinality="Single">
            <render_choice>
              <response_label ident="text2qti_choice_a410f2af979d31fde7b60f5367422cf7123ae3ca41047283896ba0c256fed190">
                <material>
                  <mattext texttype="text/html">&lt;p&gt;There is definitely a difference between comparison groups.&lt;/p&gt;</mattext>
                </material>
              </response_label>
              <response_label ident="text2qti_choice_a7c4b5bbf74db43494322ae79ec91f366f3ee6f791950faf94c35f34fe4929b4">
                <material>
                  <mattext texttype="text/html">&lt;p&gt;There is a 5% chance of getting a test statistic at least as big as observed in your data if the null hypothesis is true&lt;/p&gt;</mattext>
                </material>
              </response_label>
              <response_label ident="text2qti_choice_0e6916240f2c6a1aa00f3050fd4d315c778684f9a0bf309ec9a284a712492a9e">
                <material>
                  <mattext texttype="text/html">&lt;p&gt;There is a 95% chance that the alternative hypothesis is true&lt;/p&gt;</mattext>
                </material>
              </response_label>
              <response_label ident="text2qti_choice_84fac54ff5f4409f8031b70ad001e3b4c0aee036a265e4e5deabd87be3ffa154">
                <material>
                  <mattext texttype="text/html">&lt;p&gt;The results are never statistically significant&lt;/p&gt;</mattext>
                </material>
              </response_label>
            </render_choice>
          </response_lid>
        </presentation>
        <resprocessing>
          <outcomes>
            <decvar maxvalue="100" minvalue="0" varname="SCORE" vartype="Decimal"/>
          </outcomes>
          <respcondition continue="Yes">
            <conditionvar>
              <other/>
            </conditionvar>
            <displayfeedback feedbacktype="Response" linkrefid="general_fb"/>
          </respcondition>
          <respcondition continue="No">
            <conditionvar>
              <varequal respident="response1">text2qti_choice_a7c4b5bbf74db43494322ae79ec91f366f3ee6f791950faf94c35f34fe4929b4</varequal>
            </conditionvar>
            <setvar action="Set" varname="SCORE">100</setvar>
          </respcondition>
        </resprocessing>
        <itemfeedback ident="general_fb">
          <flow_mat>
            <material>
              <mattext texttype="text/html">&lt;p&gt;A p-value of 0.05 means that there is a 5% chance of observing the given results, or more extreme results, if the null hypothesis is true. It is a common threshold for statistical significance.&lt;/p&gt;</mattext>
            </material>
          </flow_mat>
        </itemfeedback>
      </item>
      <item ident="text2qti_question_fd2acdc3d782e32eddf008eae846563124d9585d58dfad9327eba76c44571852" title="Multiple Answer - False Positives and Negatives">
        <itemmetadata>
          <qtimetadata>
            <qtimetadatafield>
              <fieldlabel>question_type</fieldlabel>
              <fieldentry>multiple_answers_question</fieldentry>
            </qtimetadatafield>
            <qtimetadatafield>
              <fieldlabel>points_possible</fieldlabel>
              <fieldentry>1</fieldentry>
            </qtimetadatafield>
            <qtimetadatafield>
              <fieldlabel>original_answer_ids</fieldlabel>
              <fieldentry>text2qti_choice_c47e51abd165bccc0225feb686e15c01a57cf47653133fefb121da25491335cc,text2qti_choice_24ed30ff9ecc56292115f5b83224c4ae4256c714b0e9d932c31e6a0121ec08fe,text2qti_choice_fe8b78c0e4529dbefb76cc243efa2c024f709a887665a76f29aa7e14c1586c3c,text2qti_choice_70496caa28237714a728239c8ca24a91b1e2c2a37bf3e8bf4e636bf2ec193a43,text2qti_choice_68ddb71f8c78516bfbb5dff5ebcd56a8f2c9f33ce95a029e351fb7e3b1c86a49,text2qti_choice_52b70dfb7729fb051f0951a8415693631074627352f1305f0cba056d461c47bd,text2qti_choice_490d1886f776222b6d4d52fc1e905eafd194af0c87339434b029db3e723bd6cd</fieldentry>
            </qtimetadatafield>
            <qtimetadatafield>
              <fieldlabel>assessment_question_identifierref</fieldlabel>
              <fieldentry>text2qti_question_ref_fd2acdc3d782e32eddf008eae846563124d9585d58dfad9327eba76c44571852</fieldentry>
            </qtimetadatafield>
          </qtimetadata>
        </itemmetadata>
        <presentation>
          <material>
            <mattext texttype="text/html">&lt;p&gt;In the context of diagnostic tests (e.g., a COVID-19 or breast cancer test), what consequences can false positives and false negatives have?&lt;/p&gt;</mattext>
          </material>
          <response_lid ident="response1" rcardinality="Multiple">
            <render_choice>
              <response_label ident="text2qti_choice_c47e51abd165bccc0225feb686e15c01a57cf47653133fefb121da25491335cc">
                <material>
                  <mattext texttype="text/html">&lt;p&gt;False positives can lead to unnecessary treatment or emotional distress&lt;/p&gt;</mattext>
                </material>
              </response_label>
              <response_label ident="text2qti_choice_24ed30ff9ecc56292115f5b83224c4ae4256c714b0e9d932c31e6a0121ec08fe">
                <material>
                  <mattext texttype="text/html">&lt;p&gt;False negatives can lead to unnecessary treatment or emotional distress&lt;/p&gt;</mattext>
                </material>
              </response_label>
              <response_label ident="text2qti_choice_fe8b78c0e4529dbefb76cc243efa2c024f709a887665a76f29aa7e14c1586c3c">
                <material>
                  <mattext texttype="text/html">&lt;p&gt;False positives are always better than false negatives.&lt;/p&gt;</mattext>
                </material>
              </response_label>
              <response_label ident="text2qti_choice_70496caa28237714a728239c8ca24a91b1e2c2a37bf3e8bf4e636bf2ec193a43">
                <material>
                  <mattext texttype="text/html">&lt;p&gt;False negatives can result in a lack of treatment for a disease that is present&lt;/p&gt;</mattext>
                </material>
              </response_label>
              <response_label ident="text2qti_choice_68ddb71f8c78516bfbb5dff5ebcd56a8f2c9f33ce95a029e351fb7e3b1c86a49">
                <material>
                  <mattext texttype="text/html">&lt;p&gt;False positive can result in a lack of treatment for a disease that is present&lt;/p&gt;</mattext>
                </material>
              </response_label>
              <response_label ident="text2qti_choice_52b70dfb7729fb051f0951a8415693631074627352f1305f0cba056d461c47bd">
                <material>
                  <mattext texttype="text/html">&lt;p&gt;False negatives are always better than false positives.&lt;/p&gt;</mattext>
                </material>
              </response_label>
              <response_label ident="text2qti_choice_490d1886f776222b6d4d52fc1e905eafd194af0c87339434b029db3e723bd6cd">
                <material>
                  <mattext texttype="text/html">&lt;p&gt;False positives and false negatives are not a concern in diagnostic tests since they are rare and we can never fully eliminate error.&lt;/p&gt;</mattext>
                </material>
              </response_label>
            </render_choice>
          </response_lid>
        </presentation>
        <resprocessing>
          <outcomes>
            <decvar maxvalue="100" minvalue="0" varname="SCORE" vartype="Decimal"/>
          </outcomes>
          <respcondition continue="Yes">
            <conditionvar>
              <other/>
            </conditionvar>
            <displayfeedback feedbacktype="Response" linkrefid="general_fb"/>
          </respcondition>
          <respcondition continue="No">
            <conditionvar>
              <and>
                <varequal respident="response1">text2qti_choice_c47e51abd165bccc0225feb686e15c01a57cf47653133fefb121da25491335cc</varequal>
                <not>
                  <varequal respident="response1">text2qti_choice_24ed30ff9ecc56292115f5b83224c4ae4256c714b0e9d932c31e6a0121ec08fe</varequal>
                </not>
                <not>
                  <varequal respident="response1">text2qti_choice_fe8b78c0e4529dbefb76cc243efa2c024f709a887665a76f29aa7e14c1586c3c</varequal>
                </not>
                <varequal respident="response1">text2qti_choice_70496caa28237714a728239c8ca24a91b1e2c2a37bf3e8bf4e636bf2ec193a43</varequal>
                <not>
                  <varequal respident="response1">text2qti_choice_68ddb71f8c78516bfbb5dff5ebcd56a8f2c9f33ce95a029e351fb7e3b1c86a49</varequal>
                </not>
                <not>
                  <varequal respident="response1">text2qti_choice_52b70dfb7729fb051f0951a8415693631074627352f1305f0cba056d461c47bd</varequal>
                </not>
                <not>
                  <varequal respident="response1">text2qti_choice_490d1886f776222b6d4d52fc1e905eafd194af0c87339434b029db3e723bd6cd</varequal>
                </not>
              </and>
            </conditionvar>
            <setvar action="Set" varname="SCORE">100</setvar>
          </respcondition>
        </resprocessing>
        <itemfeedback ident="general_fb">
          <flow_mat>
            <material>
              <mattext texttype="text/html">&lt;p&gt;False positives can lead to unnecessary treatment or distress, while false negatives can result in a lack of treatment for a disease that is actually present.&lt;/p&gt;</mattext>
            </material>
          </flow_mat>
        </itemfeedback>
      </item>
      <item ident="text2qti_question_e681a6f6ef3e85f27aa6b7ac029096c5a8ddf01c411009722cba63925d7e468a" title="Complete Dominance Basis">
        <itemmetadata>
          <qtimetadata>
            <qtimetadatafield>
              <fieldlabel>question_type</fieldlabel>
              <fieldentry>multiple_choice_question</fieldentry>
            </qtimetadatafield>
            <qtimetadatafield>
              <fieldlabel>points_possible</fieldlabel>
              <fieldentry>1</fieldentry>
            </qtimetadatafield>
            <qtimetadatafield>
              <fieldlabel>original_answer_ids</fieldlabel>
              <fieldentry>text2qti_choice_9992a693651f194674a5d764eceed0e0c63e229ecc0186706e506dff4d1160d0,text2qti_choice_09e26400608b48c97660c6febdc4d1204607147cd5a4db0e2141ab9006f66e15,text2qti_choice_27b964f69d32152ebfd97616d3c465ff8a58803a8434b6451519b4f14d90a111,text2qti_choice_04ded6159a9dc03ac60e27d75962a6e7b40f5bbcd37502650c823171de113d2e</fieldentry>
            </qtimetadatafield>
            <qtimetadatafield>
              <fieldlabel>assessment_question_identifierref</fieldlabel>
              <fieldentry>text2qti_question_ref_e681a6f6ef3e85f27aa6b7ac029096c5a8ddf01c411009722cba63925d7e468a</fieldentry>
            </qtimetadatafield>
          </qtimetadata>
        </itemmetadata>
        <presentation>
          <material>
            <mattext texttype="text/html">&lt;p&gt;At the cellular level, what does complete dominance in Mendelian genetics typically reflect?&lt;/p&gt;</mattext>
          </material>
          <response_lid ident="response1" rcardinality="Single">
            <render_choice>
              <response_label ident="text2qti_choice_9992a693651f194674a5d764eceed0e0c63e229ecc0186706e506dff4d1160d0">
                <material>
                  <mattext texttype="text/html">&lt;p&gt;The presence of one functional allele compensates for a non-functional allele.&lt;/p&gt;</mattext>
                </material>
              </response_label>
              <response_label ident="text2qti_choice_09e26400608b48c97660c6febdc4d1204607147cd5a4db0e2141ab9006f66e15">
                <material>
                  <mattext texttype="text/html">&lt;p&gt;Both alleles produce functional proteins in equal quantities.&lt;/p&gt;</mattext>
                </material>
              </response_label>
              <response_label ident="text2qti_choice_27b964f69d32152ebfd97616d3c465ff8a58803a8434b6451519b4f14d90a111">
                <material>
                  <mattext texttype="text/html">&lt;p&gt;The dominant allele suppresses the expression of other genes.&lt;/p&gt;</mattext>
                </material>
              </response_label>
              <response_label ident="text2qti_choice_04ded6159a9dc03ac60e27d75962a6e7b40f5bbcd37502650c823171de113d2e">
                <material>
                  <mattext texttype="text/html">&lt;p&gt;Both alleles are necessary for a complete phenotypic expression.&lt;/p&gt;</mattext>
                </material>
              </response_label>
            </render_choice>
          </response_lid>
        </presentation>
        <resprocessing>
          <outcomes>
            <decvar maxvalue="100" minvalue="0" varname="SCORE" vartype="Decimal"/>
          </outcomes>
          <respcondition continue="Yes">
            <conditionvar>
              <other/>
            </conditionvar>
            <displayfeedback feedbacktype="Response" linkrefid="general_fb"/>
          </respcondition>
          <respcondition continue="No">
            <conditionvar>
              <varequal respident="response1">text2qti_choice_9992a693651f194674a5d764eceed0e0c63e229ecc0186706e506dff4d1160d0</varequal>
            </conditionvar>
            <setvar action="Set" varname="SCORE">100</setvar>
          </respcondition>
        </resprocessing>
        <itemfeedback ident="general_fb">
          <flow_mat>
            <material>
              <mattext texttype="text/html">&lt;p&gt;Complete dominance usually stems from the functionality of the gene product, where one allele produces a functional protein, while the other does not.&lt;/p&gt;</mattext>
            </material>
          </flow_mat>
        </itemfeedback>
      </item>
      <item ident="text2qti_question_d0d633eee4738bb1f4cc2863023a73d2e650619eeb4ec5709206158a868a5900" title="ABO Blood Type System">
        <itemmetadata>
          <qtimetadata>
            <qtimetadatafield>
              <fieldlabel>question_type</fieldlabel>
              <fieldentry>multiple_choice_question</fieldentry>
            </qtimetadatafield>
            <qtimetadatafield>
              <fieldlabel>points_possible</fieldlabel>
              <fieldentry>1</fieldentry>
            </qtimetadatafield>
            <qtimetadatafield>
              <fieldlabel>original_answer_ids</fieldlabel>
              <fieldentry>text2qti_choice_cc881f041cd60a978e069295a82bbd35f6bda4939ed72c0fbe03c81c4b16bdea,text2qti_choice_59bd1c559eaf66f7a75ce0861a967c0840877b01f851e73b163adf03eeb8ecd8,text2qti_choice_2ccb4d91a1c8131f101db867b0738b3d66ec94b341c36b959531ed77b39f9827,text2qti_choice_1835399171285d068fa2bf09825f59638fff0175efdaf95edd2fac811afa34fe</fieldentry>
            </qtimetadatafield>
            <qtimetadatafield>
              <fieldlabel>assessment_question_identifierref</fieldlabel>
              <fieldentry>text2qti_question_ref_d0d633eee4738bb1f4cc2863023a73d2e650619eeb4ec5709206158a868a5900</fieldentry>
            </qtimetadatafield>
          </qtimetadata>
        </itemmetadata>
        <presentation>
          <material>
            <mattext texttype="text/html">&lt;p&gt;In the ABO blood group system, which phenomenon explains the simultaneous expression of both A and B antigens in individuals?&lt;/p&gt;</mattext>
          </material>
          <response_lid ident="response1" rcardinality="Single">
            <render_choice>
              <response_label ident="text2qti_choice_cc881f041cd60a978e069295a82bbd35f6bda4939ed72c0fbe03c81c4b16bdea">
                <material>
                  <mattext texttype="text/html">&lt;p&gt;Codominance&lt;/p&gt;</mattext>
                </material>
              </response_label>
              <response_label ident="text2qti_choice_59bd1c559eaf66f7a75ce0861a967c0840877b01f851e73b163adf03eeb8ecd8">
                <material>
                  <mattext texttype="text/html">&lt;p&gt;Incomplete dominance&lt;/p&gt;</mattext>
                </material>
              </response_label>
              <response_label ident="text2qti_choice_2ccb4d91a1c8131f101db867b0738b3d66ec94b341c36b959531ed77b39f9827">
                <material>
                  <mattext texttype="text/html">&lt;p&gt;Epistasis&lt;/p&gt;</mattext>
                </material>
              </response_label>
              <response_label ident="text2qti_choice_1835399171285d068fa2bf09825f59638fff0175efdaf95edd2fac811afa34fe">
                <material>
                  <mattext texttype="text/html">&lt;p&gt;Pleiotropy&lt;/p&gt;</mattext>
                </material>
              </response_label>
            </render_choice>
          </response_lid>
        </presentation>
        <resprocessing>
          <outcomes>
            <decvar maxvalue="100" minvalue="0" varname="SCORE" vartype="Decimal"/>
          </outcomes>
          <respcondition continue="Yes">
            <conditionvar>
              <other/>
            </conditionvar>
            <displayfeedback feedbacktype="Response" linkrefid="general_fb"/>
          </respcondition>
          <respcondition continue="No">
            <conditionvar>
              <varequal respident="response1">text2qti_choice_cc881f041cd60a978e069295a82bbd35f6bda4939ed72c0fbe03c81c4b16bdea</varequal>
            </conditionvar>
            <setvar action="Set" varname="SCORE">100</setvar>
          </respcondition>
        </resprocessing>
        <itemfeedback ident="general_fb">
          <flow_mat>
            <material>
              <mattext texttype="text/html">&lt;p&gt;Codominance allows for both alleles to express their phenotypes fully when present.&lt;/p&gt;</mattext>
            </material>
          </flow_mat>
        </itemfeedback>
      </item>
      <item ident="text2qti_question_075db0ce88733ab39d4fea86f3ac76da24d824259d92021658252c1dcce4ae5e" title="Impacts of Lethal Alleles">
        <itemmetadata>
          <qtimetadata>
            <qtimetadatafield>
              <fieldlabel>question_type</fieldlabel>
              <fieldentry>multiple_choice_question</fieldentry>
            </qtimetadatafield>
            <qtimetadatafield>
              <fieldlabel>points_possible</fieldlabel>
              <fieldentry>1</fieldentry>
            </qtimetadatafield>
            <qtimetadatafield>
              <fieldlabel>original_answer_ids</fieldlabel>
              <fieldentry>text2qti_choice_1192c9b612b440cbcd03adef318ba14d6b1398f4604c802bf94c3c7489755dd6,text2qti_choice_a68d457239f5228e52d5e1de06fee446f9488a97534af38d236493a18c86c3c8,text2qti_choice_a71e652236f31483ff10d9dd81c8732dd6242e2b6d105822f05aa256e3fceaaa,text2qti_choice_51cc6ed371585b46cc9c93c61117d0ea02f73b965d7ca257171173f6b9ad0123</fieldentry>
            </qtimetadatafield>
            <qtimetadatafield>
              <fieldlabel>assessment_question_identifierref</fieldlabel>
              <fieldentry>text2qti_question_ref_075db0ce88733ab39d4fea86f3ac76da24d824259d92021658252c1dcce4ae5e</fieldentry>
            </qtimetadatafield>
          </qtimetadata>
        </itemmetadata>
        <presentation>
          <material>
            <mattext texttype="text/html">&lt;p&gt;How do lethal alleles influence Mendelian ratios in genetic crosses?&lt;/p&gt;</mattext>
          </material>
          <response_lid ident="response1" rcardinality="Single">
            <render_choice>
              <response_label ident="text2qti_choice_1192c9b612b440cbcd03adef318ba14d6b1398f4604c802bf94c3c7489755dd6">
                <material>
                  <mattext texttype="text/html">&lt;p&gt;They can cause death in homozygous individuals, leading to a lack of that genotype in the offspring.&lt;/p&gt;</mattext>
                </material>
              </response_label>
              <response_label ident="text2qti_choice_a68d457239f5228e52d5e1de06fee446f9488a97534af38d236493a18c86c3c8">
                <material>
                  <mattext texttype="text/html">&lt;p&gt;They prevent any form of genetic crossing.&lt;/p&gt;</mattext>
                </material>
              </response_label>
              <response_label ident="text2qti_choice_a71e652236f31483ff10d9dd81c8732dd6242e2b6d105822f05aa256e3fceaaa">
                <material>
                  <mattext texttype="text/html">&lt;p&gt;They introduce mutations into the genetic code.&lt;/p&gt;</mattext>
                </material>
              </response_label>
              <response_label ident="text2qti_choice_51cc6ed371585b46cc9c93c61117d0ea02f73b965d7ca257171173f6b9ad0123">
                <material>
                  <mattext texttype="text/html">&lt;p&gt;They always result in a dominant phenotype.&lt;/p&gt;</mattext>
                </material>
              </response_label>
            </render_choice>
          </response_lid>
        </presentation>
        <resprocessing>
          <outcomes>
            <decvar maxvalue="100" minvalue="0" varname="SCORE" vartype="Decimal"/>
          </outcomes>
          <respcondition continue="Yes">
            <conditionvar>
              <other/>
            </conditionvar>
            <displayfeedback feedbacktype="Response" linkrefid="general_fb"/>
          </respcondition>
          <respcondition continue="No">
            <conditionvar>
              <varequal respident="response1">text2qti_choice_1192c9b612b440cbcd03adef318ba14d6b1398f4604c802bf94c3c7489755dd6</varequal>
            </conditionvar>
            <setvar action="Set" varname="SCORE">100</setvar>
          </respcondition>
        </resprocessing>
        <itemfeedback ident="general_fb">
          <flow_mat>
            <material>
              <mattext texttype="text/html">&lt;p&gt;Lethal alleles can cause death when homozygous, leading to deviations from the expected Mendelian phenotypic ratios.&lt;/p&gt;</mattext>
            </material>
          </flow_mat>
        </itemfeedback>
      </item>
      <item ident="text2qti_question_c8402f25ab85e5f32ead00bca3f1e3009a044f387ea65bfd0a51078f31039681" title="Epistasis and Phenotypic Outcomes">
        <itemmetadata>
          <qtimetadata>
            <qtimetadatafield>
              <fieldlabel>question_type</fieldlabel>
              <fieldentry>multiple_choice_question</fieldentry>
            </qtimetadatafield>
            <qtimetadatafield>
              <fieldlabel>points_possible</fieldlabel>
              <fieldentry>1</fieldentry>
            </qtimetadatafield>
            <qtimetadatafield>
              <fieldlabel>original_answer_ids</fieldlabel>
              <fieldentry>text2qti_choice_2c1a4219776a46443da93726a75e6defadc51ce0dc1a00ce7bc15d8395d327d6,text2qti_choice_abd827bf9e9cc59426d458f48bfd6ebc24110f947dc05856e7c4c1f51bda204b,text2qti_choice_1624baa67e2f0727567d142938642b9ed1bd686db2f84dbbc5dbf4491136bb3d,text2qti_choice_8a9d99067369f23011dadd34c8584327c2a1b6b028b8e8df620ac8ddcc88530a</fieldentry>
            </qtimetadatafield>
            <qtimetadatafield>
              <fieldlabel>assessment_question_identifierref</fieldlabel>
              <fieldentry>text2qti_question_ref_c8402f25ab85e5f32ead00bca3f1e3009a044f387ea65bfd0a51078f31039681</fieldentry>
            </qtimetadatafield>
          </qtimetadata>
        </itemmetadata>
        <presentation>
          <material>
            <mattext texttype="text/html">&lt;p&gt;How does epistasis influence the phenotypic outcomes of genetic crosses?&lt;/p&gt;</mattext>
          </material>
          <response_lid ident="response1" rcardinality="Single">
            <render_choice>
              <response_label ident="text2qti_choice_2c1a4219776a46443da93726a75e6defadc51ce0dc1a00ce7bc15d8395d327d6">
                <material>
                  <mattext texttype="text/html">&lt;p&gt;It can mask or modify the expression of another gene, altering expected phenotypic results.&lt;/p&gt;</mattext>
                </material>
              </response_label>
              <response_label ident="text2qti_choice_abd827bf9e9cc59426d458f48bfd6ebc24110f947dc05856e7c4c1f51bda204b">
                <material>
                  <mattext texttype="text/html">&lt;p&gt;It increases the mutation rate in the offspring.&lt;/p&gt;</mattext>
                </material>
              </response_label>
              <response_label ident="text2qti_choice_1624baa67e2f0727567d142938642b9ed1bd686db2f84dbbc5dbf4491136bb3d">
                <material>
                  <mattext texttype="text/html">&lt;p&gt;It leads to incomplete dominance of one gene over another.&lt;/p&gt;</mattext>
                </material>
              </response_label>
              <response_label ident="text2qti_choice_8a9d99067369f23011dadd34c8584327c2a1b6b028b8e8df620ac8ddcc88530a">
                <material>
                  <mattext texttype="text/html">&lt;p&gt;It ensures that Mendelian ratios are always maintained.&lt;/p&gt;</mattext>
                </material>
              </response_label>
            </render_choice>
          </response_lid>
        </presentation>
        <resprocessing>
          <outcomes>
            <decvar maxvalue="100" minvalue="0" varname="SCORE" vartype="Decimal"/>
          </outcomes>
          <respcondition continue="Yes">
            <conditionvar>
              <other/>
            </conditionvar>
            <displayfeedback feedbacktype="Response" linkrefid="general_fb"/>
          </respcondition>
          <respcondition continue="No">
            <conditionvar>
              <varequal respident="response1">text2qti_choice_2c1a4219776a46443da93726a75e6defadc51ce0dc1a00ce7bc15d8395d327d6</varequal>
            </conditionvar>
            <setvar action="Set" varname="SCORE">100</setvar>
          </respcondition>
        </resprocessing>
        <itemfeedback ident="general_fb">
          <flow_mat>
            <material>
              <mattext texttype="text/html">&lt;p&gt;Epistasis occurs when the alleles of one gene mask or modify the expression of another gene, thereby influencing the phenotypic outcomes of genetic crosses.&lt;/p&gt;</mattext>
            </material>
          </flow_mat>
        </itemfeedback>
      </item>
    </section>
  </assessment>
</questestinterop>
